name,All_NBA_Team
Álex Abrines,0
Quincy Acy,0
Steven Adams,0
Bam Adebayo,0
Arron Afflalo,0
LaMarcus Aldridge,1
Jarrett Allen,0
Al-Farouq Aminu,0
Kyle Anderson,0
Ryan Anderson,0
Giannis Antetokounmpo,1
Carmelo Anthony,0
OG Anunoby,0
Trevor Ariza,0
D.J. Augustin,0
Dwayne Bacon,0
Lonzo Ball,0
J.J. Barea,0
Harrison Barnes,0
Will Barton,0
Nicolas Batum,0
Aron Baynes,0
Kent Bazemore,0
Bradley Beal,0
Malik Beasley,0
Michael Beasley,0
Marco Belinelli,0
Jordan Bell,0
Dragan Bender,0
Dāvis Bertāns,0
Bismack Biyombo,0
Nemanja Bjelica,0
Tarik Black,0
Eric Bledsoe,0
Bogdan Bogdanović,0
Bojan Bogdanović,0
Devin Booker,0
Corey Brewer,0
Malcolm Brogdon,0
Dillon Brooks,0
Jaylen Brown,0
Sterling Brown,0
Reggie Bullock,0
Alec Burks,0
Jimmy Butler,1
José Calderón,0
Kentavious Caldwell-Pope,0
Clint Capela,0
DeMarre Carroll,0
Vince Carter,0
Michael Carter-Williams,0
Omri Casspi,0
Willie Cauley-Stein,0
Mario Chalmers,0
Tyson Chandler,0
Wilson Chandler,0
Marquese Chriss,0
Ian Clark,0
Jordan Clarkson,0
John Collins,0
Zach Collins,0
Darren Collison,0
Pat Connaughton,0
DeMarcus Cousins,0
Robert Covington,0
Allen Crabbe,0
Jamal Crawford,0
Jae Crowder,0
Dante Cunningham,0
Stephen Curry,1
Troy Daniels,0
Anthony Davis,1
Deyonta Davis,0
Ed Davis,0
Dewayne Dedmon,0
Sam Dekker,0
Malcolm Delaney,0
DeMar DeRozan,1
Cheick Diallo,0
Gorgui Dieng,0
Spencer Dinwiddie,0
Tyler Dorsey,0
Damyean Dotson,0
Goran Dragić,0
Andre Drummond,0
Jared Dudley,0
Kris Dunn,0
Kevin Durant,1
Wayne Ellington,0
Joel Embiid,1
James Ennis,0
Tyler Ennis,0
Jawun Evans,0
Tyreke Evans,0
Derrick Favors,0
Cristiano Felício,0
Raymond Felton,0
Terrance Ferguson,0
Yogi Ferrell,0
Bryn Forbes,0
Evan Fournier,0
De'Aaron Fox,0
Tim Frazier,0
Channing Frye,0
Langston Galloway,0
Marc Gasol,0
Pau Gasol,0
Rudy Gay,0
Paul George,1
Taj Gibson,0
Manu Ginóbili,0
Rudy Gobert,0
Aaron Gordon,0
Eric Gordon,0
Marcin Gortat,0
Treveon Graham,0
Jerami Grant,0
Jerian Grant,0
Danny Green,0
Draymond Green,0
JaMychal Green,0
Jeff Green,0
Tim Hardaway Jr.,0
James Harden,1
Maurice Harkless,0
Montrezl Harrell,0
Devin Harris,0
Gary Harris,0
Joe Harris,0
Tobias Harris,0
Andrew Harrison,0
Josh Hart,0
John Henson,0
Mario Hezonja,0
Buddy Hield,0
Nenê,0
George Hill,0
Jrue Holiday,0
Justin Holiday,0
Rondae Hollis-Jefferson,0
Richaun Holmes,0
Al Horford,0
Dwight Howard,0
Josh Huestis,0
Serge Ibaka,0
Andre Iguodala,0
Ersan İlyasova,0
Joe Ingles,0
Brandon Ingram,0
Kyrie Irving,0
Wesley Iwundu,0
Jarrett Jack,0
Josh Jackson,0
Justin Jackson,0
Reggie Jackson,0
LeBron James,1
Jonas Jerebko,0
Amir Johnson,0
James Johnson,0
Stanley Johnson,0
Tyler Johnson,0
Wesley Johnson,0
Nikola Jokić,0
Tyus Jones,0
DeAndre Jordan,0
Cory Joseph,0
Frank Kaminsky,0
Enes Kanter,0
Luke Kennard,0
Michael Kidd-Gilchrist,0
Maxi Kleber,0
Kyle Korver,0
Kosta Koufos,0
Kyle Kuzma,0
Skal Labissière,0
Jeremy Lamb,0
Shane Larkin,0
Joffrey Lauvergne,0
T.J. Leaf,0
Courtney Lee,0
Alex Len,0
Caris LeVert,0
Damian Lillard,1
Shaun Livingston,0
Kevon Looney,0
Brook Lopez,0
Robin Lopez,0
Kevin Love,0
Kyle Lowry,0
Timothé Luwawu-Cabarrot,0
Trey Lyles,0
Shelvin Mack,0
Ian Mahinmi,0
Thon Maker,0
Lauri Markkanen,0
Jarell Martin,0
Frank Mason III,0
Wesley Matthews,0
Luc Mbah a Moute,0
Patrick McCaw,0
CJ McCollum,0
T.J. McConnell,0
Doug McDermott,0
JaVale McGee,0
Ben McLemore,0
Jodie Meeks,0
Salah Mejri,0
Khris Middleton,0
C.J. Miles,0
Darius Miller,0
Patty Mills,0
Donovan Mitchell,0
Malik Monk,0
E'Twaun Moore,0
Eric Moreland,0
Marcus Morris,0
Markieff Morris,0
Dejounte Murray,0
Jamal Murray,0
Mike Muscala,0
Abdel Nader,0
Shabazz Napier,0
Jameer Nelson,0
Lucas Nogueira,0
Dirk Nowitzki,0
Frank Ntilikina,0
Jusuf Nurkić,0
David Nwaba,0
Royce O'Neale,0
Kyle O'Quinn,0
Semi Ojeleye,0
Victor Oladipo,1
Kelly Olynyk,0
Cedi Osman,0
Kelly Oubre Jr.,0
Zaza Pachulia,0
Tony Parker,0
Patrick Patterson,0
Brandon Paul,0
Chris Paul,0
Elfrid Payton,0
Mason Plumlee,0
Miles Plumlee,0
Jakob Pöltl,0
Otto Porter,0
Bobby Portis,0
Kristaps Porziņģis,0
Dwight Powell,0
Norman Powell,0
Julius Randle,0
Zach Randolph,0
J.J. Redick,0
Josh Richardson,0
Austin Rivers,0
Rajon Rondo,0
Terry Rozier,0
Ricky Rubio,0
D'Angelo Russell,0
Domantas Sabonis,0
Dario Šarić,0
Tomáš Satoranský,0
Dennis Schröder,0
Mike Scott,0
Pascal Siakam,0
Ben Simmons,0
Jonathon Simmons,0
Marcus Smart,0
Dennis Smith Jr.,0
Ish Smith,0
J.R. Smith,0
Tony Snell,0
Marreese Speights,0
Lance Stephenson,0
Jayson Tatum,0
Isaiah Taylor,0
Jeff Teague,0
Garrett Temple,0
Miloš Teodosić,0
Jason Terry,0
Daniel Theis,0
Lance Thomas,0
Klay Thompson,0
Tristan Thompson,0
Sindarius Thornwell,0
Anthony Tolliver,0
Karl-Anthony Towns,1
P.J. Tucker,0
Evan Turner,0
Myles Turner,0
Ekpe Udoh,0
Tyler Ulis,0
Jonas Valančiūnas,0
Denzel Valentine,0
Fred VanVleet,0
Nikola Vučević,0
Dwyane Wade,0
Kemba Walker,0
Taurean Prince,0
T.J. Warren,0
David West,0
Russell Westbrook,1
Hassan Whiteside,0
Andrew Wiggins,0
Lou Williams,0
Marvin Williams,0
Justise Winslow,0
Delon Wright,0
Joe Young,0
Nick Young,0
Thaddeus Young,0
Paul Zipser,0
Ivica Zubac,0